{"cameraMode":{"drawMode":0,"name":"Shaded","section":"Shading Mode"},"sceneLighting":false,"audioPlay":false,"sceneViewState":{"showFog":true,"showMaterialUpdate":true,"showSkybox":false,"showFlares":true,"showImageEffects":true,"showParticleSystems":true,"showVisualEffectGraphs":true,"m_FxEnabled":true},"in2DMode":false,"pivot":{"x":4.2873992919921879,"y":6.626669883728027,"z":0.14734703302383424},"rotation":{"x":0.20388734340667725,"y":0.6326309442520142,"z":-0.17774337530136109,"w":0.7256811261177063},"size":1.3031784296035767,"orthographic":true}