{"cameraMode":{"drawMode":0,"name":"Shaded","section":"Shading Mode"},"sceneLighting":false,"audioPlay":false,"sceneViewState":{"showFog":true,"showMaterialUpdate":true,"showSkybox":false,"showFlares":true,"showImageEffects":true,"showParticleSystems":true},"in2DMode":false,"pivot":{"x":-43.400001525878909,"y":0.8473374843597412,"z":4.900000095367432},"rotation":{"x":-0.089902862906456,"y":0.6448537111282349,"z":-0.07677425444126129,"w":-0.7551238536834717},"size":1.1036217212677003,"orthographic":false}