{"cameraMode":{"drawMode":0,"name":"Shaded","section":"Shading Mode"},"sceneLighting":false,"audioPlay":false,"sceneViewState":{"showFog":true,"showMaterialUpdate":true,"showSkybox":false,"showFlares":true,"showImageEffects":true,"showParticleSystems":true},"in2DMode":false,"pivot":{"x":-38.79999923706055,"y":1.0800000429153443,"z":10.21097469329834},"rotation":{"x":0.13952216506004334,"y":-0.23149453103542329,"z":0.03356722369790077,"w":0.9621968269348145},"size":10.0,"orthographic":true}