{"cameraMode":{"drawMode":0,"name":"Shaded","section":"Shading Mode"},"sceneLighting":false,"audioPlay":false,"sceneViewState":{"showFog":true,"showMaterialUpdate":true,"showSkybox":false,"showFlares":true,"showImageEffects":true,"showParticleSystems":true},"in2DMode":false,"pivot":{"x":0.022943228483200074,"y":-0.5988161563873291,"z":0.9636121988296509},"rotation":{"x":-0.19727735221385957,"y":0.6446250677108765,"z":-0.17736488580703736,"w":-0.7169979810714722},"size":1.9041472673416138,"orthographic":false}