{"cameraMode":{"drawMode":0,"name":"Shaded","section":"Shading Mode"},"sceneLighting":false,"audioPlay":false,"sceneViewState":{"showFog":true,"showMaterialUpdate":true,"showSkybox":false,"showFlares":true,"showImageEffects":true,"showParticleSystems":true},"in2DMode":false,"pivot":{"x":-38.79999923706055,"y":1.992928147315979,"z":0.19000005722045899},"rotation":{"x":0.07340560108423233,"y":0.7783890962600708,"z":-0.09267312288284302,"w":0.6165531277656555},"size":3.493431568145752,"orthographic":true}