{"cameraMode":{"drawMode":0,"name":"Shaded","section":"Shading Mode"},"sceneLighting":true,"audioPlay":false,"sceneViewState":{"showFog":true,"showMaterialUpdate":true,"showSkybox":false,"showFlares":true,"showImageEffects":true,"showParticleSystems":true},"in2DMode":false,"pivot":{"x":36.472171783447269,"y":19.88189697265625,"z":-18.057586669921876},"rotation":{"x":0.3865300714969635,"y":0.41562819480895998,"z":-0.2012317180633545,"w":0.7983460426330566},"size":9.447613716125489,"orthographic":false}