{"cameraMode":{"drawMode":0,"name":"Shaded","section":"Shading Mode"},"sceneLighting":false,"audioPlay":false,"sceneViewState":{"showFog":true,"showMaterialUpdate":true,"showSkybox":false,"showFlares":true,"showImageEffects":true,"showParticleSystems":true},"in2DMode":false,"pivot":{"x":-0.02395176887512207,"y":1.1211262941360474,"z":0.003558516502380371},"rotation":{"x":-0.04966210573911667,"y":0.882375180721283,"z":-0.09566851705312729,"w":-0.4580461084842682},"size":2.1247448921203615,"orthographic":false}