{"cameraMode":{"drawMode":0,"name":"Shaded","section":"Shading Mode"},"sceneLighting":false,"audioPlay":false,"sceneViewState":{"showFog":true,"showMaterialUpdate":true,"showSkybox":false,"showFlares":true,"showImageEffects":true,"showParticleSystems":true},"in2DMode":false,"pivot":{"x":-25.89999771118164,"y":0.5,"z":25.299999237060548},"rotation":{"x":0.04699547961354256,"y":0.4443223476409912,"z":-0.023348329588770868,"w":0.8943294286727905},"size":0.8660253882408142,"orthographic":true}